,numRequests,tamanhoResposta,numRequestsJS,numRequestsHTML,numRequestsCSS,numGET
numRequests,1.0,0.7602986659874107,0.7819174515685431,0.446924269889052,0.8523753117820877,1.0
tamanhoResposta,0.7602986659874107,1.0,0.47641423787713205,0.49377627832394877,0.43530079620483175,0.7602986659874107
numRequestsJS,0.7819174515685431,0.47641423787713205,1.0,0.005466086110075482,0.8533103351879247,0.7819174515685432
numRequestsHTML,0.446924269889052,0.49377627832394877,0.005466086110075482,1.0,0.12384435115451749,0.446924269889052
numRequestsCSS,0.8523753117820877,0.43530079620483175,0.8533103351879247,0.12384435115451749,1.0,0.8523753117820877
numGET,1.0,0.7602986659874107,0.7819174515685432,0.446924269889052,0.8523753117820877,1.0
